feature_1,feature_2,interaction_strength
rsi_value,atr_percentile,0.09713738
macd_hist_normalized,dmi_strength,0.074877284
supertrend_strength,regime_confidence,0.068644494
macd_hist_normalized,rsi_value,0.06282269
volume_ratio,dmi_strength,0.057937857
adx_strength,dmi_strength,0.051644992
adx_strength,macd_hist_normalized,0.04779729
ema_spread_pct,rsi_value,0.045530867
adx_strength,rsi_value,0.045518626
rsi_value,volume_ratio,0.042063765
ema_spread_pct,dmi_strength,0.039498597
ema_spread_pct,volume_ratio,0.037172653
ema_spread_pct,macd_hist_normalized,0.0348826
macd_hist_normalized,atr_percentile,0.031041194
dmi_strength,macd_bullish_cross,0.03066463
macd_hist_normalized,volume_ratio,0.030623233
dmi_strength,sweep_strength,0.029919624
atr_percentile,supertrend_direction,0.028488472
ema_spread_pct,atr_percentile,0.027629735
dmi_strength,regime_confidence,0.025869038
macd_hist_normalized,regime_confidence,0.0248031
dmi_strength,atr_percentile,0.024694955
ema_spread_pct,adx_strength,0.024544649
volume_ratio,atr_percentile,0.02433587
regime_confidence,atr_percentile,0.023651496
adx_strength,supertrend_strength,0.023251403
rsi_value,regime_confidence,0.02268272
volume_ratio,regime_confidence,0.02153512
adx_strength,atr_percentile,0.02098282
supertrend_strength,macd_hist_normalized,0.01883963
volume_ratio,supertrend_direction,0.018746145
ema_spread_pct,regime_confidence,0.017595084
supertrend_strength,dmi_strength,0.017111234
regime,atr_percentile,0.015585498
rsi_value,dmi_strength,0.015424921
sweep_strength,atr_percentile,0.015376036
rsi_strength,sweep_strength,0.015323843
adx_strength,volume_ratio,0.015133152
ema_spread_pct,sweep_strength,0.013562647
dmi_strength,has_bos,0.013488713
structure_trend,regime,0.013349202
dmi_strength,has_sweep,0.012937852
volume_ratio,regime,0.012424448
macd_hist_normalized,has_sweep,0.011680655
atr_percentile,ema_spread_trend,0.011536051
rsi_value,structure_trend,0.011524433
has_bos,atr_percentile,0.01047908
supertrend_strength,rsi_value,0.010471445
rsi_value,has_bos,0.010222342
adx_strength,sweep_strength,0.009767839
volume_ratio,has_bos,0.0096838
adx_strength,regime_confidence,0.009141944
ema_spread_pct,has_bos,0.009109935
macd_hist_normalized,ema_spread_trend,0.009101383
supertrend_strength,atr_percentile,0.0086996965
volume_ratio,macd_bullish_cross,0.008158633
rsi_value,has_sweep,0.008096406
macd_hist_normalized,sweep_strength,0.008069121
adx_strength,ema_spread_trend,0.008068039
dmi_strength,ema_spread_trend,0.007922256
ema_spread_trend,macd_bullish_cross,0.007828098
structure_trend,atr_percentile,0.007644426
rsi_strength,atr_percentile,0.007499295
rsi_value,regime,0.007489221
macd_hist_normalized,has_bos,0.007395586
ema_spread_pct,has_sweep,0.007153079
dmi_strength,structure_trend,0.007096268
rsi_strength,regime_confidence,0.0069984663
adx_strength,supertrend_direction,0.006924929
rsi_value,sweep_strength,0.0068716896
dmi_strength,regime,0.0066867275
rsi_strength,dmi_strength,0.006322564
adx_strength,has_sweep,0.0061524673
ema_spread_pct,rsi_strength,0.005907182
ema_spread_pct,structure_trend,0.005830183
sweep_strength,structure_breaks,0.005659493
has_bos,regime_confidence,0.0056226
sweep_strength,regime_confidence,0.005419314
volume_ratio,structure_trend,0.0052779033
structure_breaks,regime,0.004947972
rsi_value,macd_bullish_cross,0.004859646
has_sweep,atr_percentile,0.004791501
ema_spread_pct,regime,0.0047628107
macd_hist_normalized,supertrend_direction,0.0047517
dmi_strength,has_ob,0.0046169553
dmi_strength,structure_breaks,0.00459323
structure_breaks,atr_percentile,0.0044036186
ema_spread_pct,supertrend_strength,0.0043947995
supertrend_strength,volume_ratio,0.0041565103
macd_hist_normalized,regime,0.004065612
supertrend_strength,has_bos,0.0040036766
has_bos,sweep_strength,0.0038996816
rsi_strength,volume_ratio,0.0038876748
rsi_value,supertrend_direction,0.0038556426
volume_ratio,macd_bearish_cross,0.0031706232
adx_strength,structure_trend,0.0031190566
adx_strength,macd_bullish_cross,0.0031168154
macd_hist_normalized,structure_breaks,0.0031097538
volume_ratio,ema_spread_trend,0.003035897
sweep_strength,has_ob,0.0029863014
volume_ratio,structure_breaks,0.0029796024
ema_spread_pct,ema_spread_trend,0.0028393432
macd_hist_normalized,macd_bullish_cross,0.0027589018
rsi_value,ema_spread_trend,0.0027167785
ema_spread_pct,structure_breaks,0.0026356855
supertrend_strength,ema_spread_trend,0.0026250042
atr_percentile,macd_bullish_cross,0.0023739757
structure_trend,regime_confidence,0.0023533534
ema_spread_pct,has_ob,0.002212434
ema_spread_pct,macd_bullish_cross,0.002104397
adx_strength,regime,0.0020585724
volume_ratio,has_sweep,0.001858098
has_bos,ema_spread_trend,0.0017677816
adx_strength,structure_breaks,0.00144776
volume_ratio,sweep_strength,0.00141385
has_bos,has_sweep,0.0013822076
regime_confidence,ema_spread_trend,0.001381192
has_sweep,regime_confidence,0.0013462773
rsi_value,macd_bearish_cross,0.0013301814
ema_spread_pct,supertrend_direction,0.001291947
dmi_strength,macd_bearish_cross,0.0012865434
macd_hist_normalized,rsi_strength,0.0012456236
regime_confidence,macd_bearish_cross,0.0012285747
rsi_value,has_ob,0.00095679826
volume_ratio,has_ob,0.0008992435
rsi_value,structure_breaks,0.00085835136
supertrend_strength,structure_trend,0.0008450146
adx_strength,rsi_strength,0.0008225031
regime_confidence,macd_bullish_cross,0.0007758403
macd_hist_normalized,macd_bearish_cross,0.00077552313
supertrend_strength,macd_bearish_cross,0.00074949814
sweep_strength,structure_trend,0.00073326705
has_sweep,structure_breaks,0.0006795251
macd_hist_normalized,structure_trend,0.0004939556
macd_hist_normalized,has_ob,0.00047028062
has_sweep,ema_spread_trend,0.00044389378
sweep_strength,macd_bullish_cross,0.00036386427
supertrend_direction,macd_bullish_cross,0.00029382252
supertrend_strength,macd_bullish_cross,0.0002268008
atr_percentile,macd_bearish_cross,0.00011560018
supertrend_strength,supertrend_bullish,0.0
supertrend_strength,supertrend_bearish,0.0
supertrend_strength,structure_breaks,0.0
supertrend_strength,regime,0.0
atr_percentile,ema_bullish_alignment,0.0
atr_percentile,ema_bearish_alignment,0.0
regime_confidence,ema_bullish_cross,0.0
regime_confidence,ema_bearish_cross,0.0
regime_confidence,ema_bullish_alignment,0.0
regime_confidence,ema_bearish_alignment,0.0
regime_confidence,volume_above_avg,0.0
ema_bullish_alignment,volume_above_avg,0.0
ema_bearish_cross,ema_bullish_alignment,0.0
ema_bearish_cross,ema_bearish_alignment,0.0
ema_bearish_cross,macd_bullish_cross,0.0
supertrend_direction,supertrend_bullish,0.0
supertrend_direction,supertrend_bearish,0.0
supertrend_direction,trend_is_strong,0.0
ema_bullish_cross,ema_bearish_cross,0.0
ema_bullish_cross,ema_bullish_alignment,0.0
ema_bullish_cross,ema_bearish_alignment,0.0
macd_hist_normalized,volume_above_avg,0.0
macd_hist_normalized,ob_valid,0.0
supertrend_strength,trend_is_strong,0.0
rsi_strength,has_ob,0.0
rsi_strength,ob_valid,0.0
rsi_strength,structure_trend,0.0
rsi_strength,structure_breaks,0.0
rsi_strength,regime,0.0
rsi_value,volume_above_avg,0.0
rsi_value,supertrend_bullish,0.0
rsi_value,supertrend_bearish,0.0
rsi_value,trend_is_strong,0.0
supertrend_strength,supertrend_direction,0.0
supertrend_strength,ema_bullish_cross,0.0
supertrend_strength,rsi_strength,0.0
supertrend_strength,has_sweep,0.0
supertrend_strength,sweep_strength,0.0
supertrend_strength,has_ob,0.0
supertrend_strength,ob_valid,0.0
adx_strength,macd_bearish_cross,0.0
adx_strength,volume_above_avg,0.0
adx_strength,supertrend_bullish,0.0
adx_strength,supertrend_bearish,0.0
adx_strength,trend_is_strong,0.0
macd_hist_normalized,supertrend_bullish,0.0
macd_hist_normalized,supertrend_bearish,0.0
macd_hist_normalized,trend_is_strong,0.0
rsi_value,rsi_strength,0.0
macd_hist_normalized,ema_bullish_cross,0.0
macd_hist_normalized,ema_bearish_cross,0.0
macd_hist_normalized,ema_bullish_alignment,0.0
macd_hist_normalized,ema_bearish_alignment,0.0
rsi_strength,has_bos,0.0
rsi_strength,has_sweep,0.0
rsi_value,ema_bullish_cross,0.0
rsi_value,ema_bearish_cross,0.0
rsi_value,ema_bullish_alignment,0.0
rsi_value,ema_bearish_alignment,0.0
rsi_value,ob_valid,0.0
volume_ratio,ema_bullish_cross,0.0
volume_ratio,ema_bearish_cross,0.0
volume_ratio,ema_bullish_alignment,0.0
volume_ratio,ema_bearish_alignment,0.0
volume_ratio,volume_above_avg,0.0
volume_ratio,ob_valid,0.0
rsi_strength,volume_above_avg,0.0
rsi_strength,supertrend_bullish,0.0
rsi_strength,supertrend_bearish,0.0
rsi_strength,trend_is_strong,0.0
rsi_strength,ema_spread_trend,0.0
rsi_strength,supertrend_direction,0.0
rsi_strength,ema_bullish_cross,0.0
rsi_strength,ema_bearish_cross,0.0
rsi_strength,ema_bullish_alignment,0.0
rsi_strength,ema_bearish_alignment,0.0
rsi_strength,macd_bullish_cross,0.0
rsi_strength,macd_bearish_cross,0.0
dmi_strength,trend_is_strong,0.0
has_bos,has_ob,0.0
has_bos,structure_trend,0.0
has_bos,structure_breaks,0.0
has_bos,regime,0.0
dmi_strength,ema_bearish_cross,0.0
dmi_strength,ema_bullish_alignment,0.0
dmi_strength,ema_bearish_alignment,0.0
dmi_strength,volume_above_avg,0.0
dmi_strength,supertrend_bullish,0.0
dmi_strength,supertrend_bearish,0.0
dmi_strength,supertrend_direction,0.0
dmi_strength,ema_bullish_cross,0.0
volume_ratio,supertrend_bullish,0.0
volume_ratio,supertrend_bearish,0.0
volume_ratio,trend_is_strong,0.0
dmi_strength,ob_valid,0.0
has_sweep,ema_bullish_cross,0.0
has_sweep,ema_bearish_cross,0.0
has_sweep,ema_bullish_alignment,0.0
has_sweep,ema_bearish_alignment,0.0
has_sweep,macd_bullish_cross,0.0
has_sweep,macd_bearish_cross,0.0
has_sweep,volume_above_avg,0.0
has_sweep,supertrend_bullish,0.0
has_sweep,ob_valid,0.0
has_sweep,structure_trend,0.0
has_sweep,regime,0.0
has_sweep,supertrend_direction,0.0
has_bos,macd_bullish_cross,0.0
has_bos,macd_bearish_cross,0.0
has_bos,volume_above_avg,0.0
has_bos,supertrend_bullish,0.0
has_bos,supertrend_bearish,0.0
has_bos,trend_is_strong,0.0
has_sweep,sweep_strength,0.0
has_sweep,has_ob,0.0
has_bos,ob_valid,0.0
has_bos,supertrend_direction,0.0
has_bos,ema_bullish_cross,0.0
has_bos,ema_bearish_cross,0.0
has_bos,ema_bullish_alignment,0.0
has_bos,ema_bearish_alignment,0.0
has_ob,regime,0.0
has_ob,regime_confidence,0.0
has_ob,atr_percentile,0.0
has_ob,ema_spread_trend,0.0
has_ob,supertrend_direction,0.0
has_ob,ema_bullish_cross,0.0
has_ob,ema_bearish_cross,0.0
has_ob,ema_bullish_alignment,0.0
sweep_strength,macd_bearish_cross,0.0
sweep_strength,volume_above_avg,0.0
sweep_strength,supertrend_bullish,0.0
sweep_strength,supertrend_bearish,0.0
sweep_strength,trend_is_strong,0.0
has_ob,ob_valid,0.0
has_ob,structure_trend,0.0
has_ob,structure_breaks,0.0
sweep_strength,ema_spread_trend,0.0
sweep_strength,supertrend_direction,0.0
sweep_strength,ema_bullish_cross,0.0
sweep_strength,ema_bearish_cross,0.0
sweep_strength,ema_bullish_alignment,0.0
sweep_strength,ema_bearish_alignment,0.0
adx_strength,ema_bullish_cross,0.0
has_sweep,supertrend_bearish,0.0
has_sweep,trend_is_strong,0.0
regime_confidence,supertrend_bullish,0.0
sweep_strength,ob_valid,0.0
supertrend_bullish,supertrend_bearish,0.0
sweep_strength,regime,0.0
ema_spread_trend,supertrend_bearish,0.0
structure_trend,structure_breaks,0.0
ema_bearish_alignment,volume_above_avg,0.0
structure_trend,ema_spread_trend,0.0
structure_trend,supertrend_direction,0.0
structure_trend,ema_bullish_cross,0.0
structure_trend,ema_bearish_cross,0.0
ob_valid,ema_bullish_alignment,0.0
ob_valid,ema_bearish_alignment,0.0
ob_valid,macd_bullish_cross,0.0
ob_valid,macd_bearish_cross,0.0
ob_valid,volume_above_avg,0.0
ob_valid,supertrend_bullish,0.0
ob_valid,supertrend_bearish,0.0
ob_valid,trend_is_strong,0.0
ob_valid,structure_breaks,0.0
ob_valid,regime,0.0
ob_valid,regime_confidence,0.0
ob_valid,atr_percentile,0.0
ob_valid,ema_spread_trend,0.0
ob_valid,supertrend_direction,0.0
ob_valid,ema_bullish_cross,0.0
ob_valid,ema_bearish_cross,0.0
has_ob,ema_bearish_alignment,0.0
has_ob,macd_bullish_cross,0.0
has_ob,macd_bearish_cross,0.0
has_ob,volume_above_avg,0.0
has_ob,supertrend_bullish,0.0
has_ob,supertrend_bearish,0.0
has_ob,trend_is_strong,0.0
ob_valid,structure_trend,0.0
regime,ema_spread_trend,0.0
regime,supertrend_direction,0.0
regime,ema_bullish_cross,0.0
regime,ema_bearish_cross,0.0
regime,ema_bullish_alignment,0.0
regime,ema_bearish_alignment,0.0
regime,macd_bullish_cross,0.0
structure_breaks,ema_bearish_alignment,0.0
structure_breaks,macd_bullish_cross,0.0
structure_breaks,macd_bearish_cross,0.0
structure_breaks,volume_above_avg,0.0
structure_breaks,supertrend_bullish,0.0
structure_breaks,supertrend_bearish,0.0
structure_breaks,trend_is_strong,0.0
regime,regime_confidence,0.0
ema_bearish_alignment,supertrend_bullish,0.0
structure_breaks,regime_confidence,0.0
ema_bearish_alignment,supertrend_bearish,0.0
structure_breaks,ema_spread_trend,0.0
structure_breaks,supertrend_direction,0.0
structure_breaks,ema_bullish_cross,0.0
structure_breaks,ema_bearish_cross,0.0
structure_breaks,ema_bullish_alignment,0.0
structure_trend,ema_bullish_alignment,0.0
structure_trend,ema_bearish_alignment,0.0
structure_trend,macd_bullish_cross,0.0
structure_trend,macd_bearish_cross,0.0
structure_trend,volume_above_avg,0.0
structure_trend,supertrend_bullish,0.0
structure_trend,supertrend_bearish,0.0
structure_trend,trend_is_strong,0.0
ema_bearish_cross,volume_above_avg,0.0
ema_bearish_cross,supertrend_bullish,0.0
atr_percentile,volume_above_avg,0.0
atr_percentile,supertrend_bullish,0.0
atr_percentile,supertrend_bearish,0.0
atr_percentile,trend_is_strong,0.0
ema_spread_trend,supertrend_direction,0.0
ema_spread_trend,ema_bullish_cross,0.0
regime_confidence,supertrend_bearish,0.0
regime_confidence,trend_is_strong,0.0
atr_percentile,ema_bullish_cross,0.0
atr_percentile,ema_bearish_cross,0.0
macd_bearish_cross,volume_above_avg,0.0
macd_bearish_cross,supertrend_bullish,0.0
ema_bullish_alignment,supertrend_bullish,0.0
ema_bullish_alignment,supertrend_bearish,0.0
ema_bullish_alignment,trend_is_strong,0.0
ema_bearish_alignment,macd_bullish_cross,0.0
ema_bearish_alignment,macd_bearish_cross,0.0
regime,macd_bearish_cross,0.0
regime,volume_above_avg,0.0
regime,supertrend_bullish,0.0
regime,supertrend_bearish,0.0
regime,trend_is_strong,0.0
ema_bearish_cross,supertrend_bearish,0.0
regime_confidence,supertrend_direction,0.0
adx_strength,ema_bearish_alignment,0.0
adx_strength,ema_bearish_cross,0.0
adx_strength,ema_bullish_alignment,0.0
adx_strength,has_bos,0.0
adx_strength,has_ob,0.0
adx_strength,ob_valid,0.0
ema_bearish_cross,trend_is_strong,0.0
ema_bullish_cross,macd_bullish_cross,0.0
ema_bullish_cross,macd_bearish_cross,0.0
ema_spread_trend,trend_is_strong,0.0
supertrend_direction,ema_bullish_cross,0.0
supertrend_direction,ema_bearish_cross,0.0
supertrend_direction,ema_bullish_alignment,0.0
supertrend_direction,ema_bearish_alignment,0.0
ema_bullish_alignment,ema_bearish_alignment,0.0
supertrend_direction,macd_bearish_cross,0.0
supertrend_direction,volume_above_avg,0.0
ema_spread_trend,ema_bearish_cross,0.0
ema_spread_trend,ema_bullish_alignment,0.0
ema_spread_trend,ema_bearish_alignment,0.0
ema_bullish_alignment,macd_bullish_cross,0.0
ema_spread_trend,macd_bearish_cross,0.0
ema_spread_trend,volume_above_avg,0.0
ema_spread_trend,supertrend_bullish,0.0
ema_spread_pct,supertrend_bullish,0.0
supertrend_bearish,trend_is_strong,0.0
ema_bullish_alignment,macd_bearish_cross,0.0
macd_bearish_cross,supertrend_bearish,0.0
macd_bearish_cross,trend_is_strong,0.0
volume_above_avg,supertrend_bullish,0.0
volume_above_avg,supertrend_bearish,0.0
volume_above_avg,trend_is_strong,0.0
ema_bearish_cross,macd_bearish_cross,0.0
supertrend_bullish,trend_is_strong,0.0
ema_bearish_alignment,trend_is_strong,0.0
macd_bullish_cross,macd_bearish_cross,0.0
macd_bullish_cross,volume_above_avg,0.0
macd_bullish_cross,supertrend_bullish,0.0
macd_bullish_cross,supertrend_bearish,0.0
macd_bullish_cross,trend_is_strong,0.0
supertrend_strength,ema_bearish_cross,0.0
supertrend_strength,ema_bullish_alignment,0.0
ema_spread_pct,supertrend_bearish,0.0
ema_spread_pct,trend_is_strong,0.0
supertrend_strength,ema_bearish_alignment,0.0
ema_spread_pct,ema_bullish_cross,0.0
ema_spread_pct,ema_bearish_cross,0.0
ema_spread_pct,ema_bullish_alignment,0.0
ema_spread_pct,ema_bearish_alignment,0.0
supertrend_strength,volume_above_avg,0.0
ema_spread_pct,macd_bearish_cross,0.0
ema_spread_pct,volume_above_avg,0.0
ema_spread_pct,ob_valid,0.0
ema_bullish_cross,volume_above_avg,0.0
ema_bullish_cross,supertrend_bullish,0.0
ema_bullish_cross,supertrend_bearish,0.0
ema_bullish_cross,trend_is_strong,0.0
